{"2ScPVR5WlDB3UTj9SBrwcg==":"logo-122x116.png","u67Pgq864BPASlQSVbqPyQ==":"00-1080x1080.jpg","y7WDj27nG3WKIvT01FoCew==":"mbr-1046x696.jpeg","tyR4ivAB38TakdVNgRleDQ==":"mbr-2-1920x921.jpeg","H49eMqvB8qhseo4p+6FbHA==":"00-1-1080x1080.jpg","9H6TouB5UUZqsicexX990A==":"00-2-1080x1080.jpg","WpcaXXgCjbK6SSGYYsp8wA==":"00-3-1080x1080.jpg","NUmXnRTvv9NUQahvQQObjA==":"00-4-1080x1080.jpg","4BvIjeN4NDWdM/AXF5+xLw==":"00-5-1080x1080.jpg","mEie87Tu4G+2dVPmVwkRxA==":"00-6-1080x1080.jpg","aXCCq7Omr60UAXIiSMOygA==":"00-7-1080x1080.jpg","us6F3lOHFOtsl4kmAThnNw==":"00-8-1080x1080.jpg","FbWWqhSXHhl0eM4kQfK09w==":"00-9-1080x1080.jpg","d/L7iJ42bJB/6y2C6umYeg==":"00-10-1080x1080.jpg","5p6uqOv6GnuhQTiPM/SNTA==":"00-11-1080x1080.jpg","acAKG0QPEsvQ7a3WNxc2wQ==":"00-12-1080x1080.jpg","414EQGyOgqUfRh0yUHMspg==":"00-13-1080x1080.jpg","nJETLW5NCogflKAKIgyKew==":"00-14-1080x1080.jpg","e6KGSQBiWWIJ1B4+JfgZaQ==":"00-15-1080x1080.jpg","joJSf5CvQA+40jGpGr1TyQ==":"00-16-1080x1080.jpg","6jD3ZrywYI5iCBWMv+BL7Q==":"00-17-1080x1080.jpg","gRAiRqoTpFnohCFglrxhJQ==":"00-18-1080x1080.jpg","Z6jCvElP0G2XM0hLDtO4+A==":"00-19-1080x1080.jpg","sxgnrxkChq258+zCNuSdOw==":"logo-192x182.png","MhfMahHjlX2kMmto8KbMNg==":"mbr-1920x1295.jpg","lI23eUnI8WqxW0OwPnnO3A==":"mbr-1920x891.jpg","kL7Uh6VyyKsWoYeoR4HV6A==":"00-1080x1080.jpeg","hgqT7xFmFwHX5u5GjFgogQ==":"00-1-1080x1080.jpeg","jQjPY3l30+zZCaiyKyONRA==":"00-2-1080x1080.jpeg","0IEvKZgcUqi173pBS8+sMw==":"00-3-1080x1080.jpeg","FDnntwthBxCyozd8GppM2A==":"00-2-1080x1080-800x800.jpg","apIXmuH1p3lNicVCjGsODw==":"00-1-1080x1080-800x800.jpg","n7Tx3kY2K8dOLnmbJ8CKLg==":"00-3-1080x1080-800x800.jpg","awhksE8B7cOBiMJfMa3T8Q==":"00-4-1080x1080-800x800.jpg","xGitjPGCaLUohyUdaT7J0g==":"00-5-1080x1080-800x800.jpg","DtoYu4qlNMCl8Ux0La+Txw==":"00-6-1080x1080-800x800.jpg","pRal3nhQJdQoAYtmouvfwA==":"00-7-1080x1080-800x800.jpg","VbvLwQy3AUrJEr1PcXDbDA==":"00-9-1080x1080-800x800.jpg","bAlV5M2KZtcUdgxgUK9Agw==":"01-510x510.jpg","i7pZxf7dmNjEKFwSGf9FFQ==":"02-1080x1080.jpg","NVVGHx/els43tgf5lW5+dg==":"03-1080x1080.jpg","L6/S6Bv5E9fpML9zFy9eAQ==":"04-1080x1080.jpg","setTbQoxO6eykz75zMI3Wg==":"05-1080x1080.jpg","JblFdwP7KtPLiGZWsyyNcQ==":"06-1080x1080.jpg","KD0ACsZQhMktjrJoEdRH/g==":"07-1080x1080.jpg","0wmNLmY6PQZ1J7dsE7K2aw==":"08-1080x1080.jpg","fhYzgz6/OWHVNPBxDoHy8w==":"bg-2000x2107.jpg","crMCOim7aP9DKx3fLYrKDA==":"00-8-1080x1080-800x800.jpg","ASBgjXRlhN2TfBSIP5zDPA==":"00-10-1080x1080-800x800.jpg","ae0lf00JGmUhaqZsO6OX4w==":"00-11-1080x1080-800x800.jpg","0cg99dNWCWe2HmMJRlx8HA==":"00-13-1080x1080-800x800.jpg","oop1gzH+NgTM26YDUkx5hw==":"00-14-1080x1080-800x800.jpg","r8WqTKYGmWmmzkFOM920kg==":"00-15-1080x1080-800x800.jpg","MBvNnbAmmZKCSlQsahm8Iw==":"00-16-1080x1080-800x800.jpg","9kasKhjV6tHGAt+cnS+g2g==":"00-17-1080x1080-800x800.jpg","E0Qvp4xKE8RsBd2d+ec69A==":"00-18-1080x1080-800x800.jpg","zEehoFOlqNPUrlKyIgPFTw==":"00-19-1080x1080-800x800.jpg","vl8cr5unpqrBFvvC58PA7g==":"00-492x492.jpg","sDC8a6JV8UhallnI96lOrQ==":"01-1-510x510.jpg","tmg8dAph01H5/oXb/BOmhQ==":"02-1-1080x1080.jpg","39A/SHQHXXtFmkuVsf1hgQ==":"03-1-1080x1080.jpg","991xuD0CBHNTklJFvlgrgw==":"04-1-1080x1080.jpg","T8eFgyh2Zk1ubKXaCZaJAQ==":"00-676x676.jpg","J0rrcHKSdSgCVvidOVpT2A==":"00-1-676x676.jpg","WXm5vuMHF0AzBTEhYa85bw==":"00-2-676x676.jpg","nX/yDT2GwLBQnVCtNuWubg==":"00-1046x1046.jpg","Yx3RYwP73g/MfvqgkX3NLw==":"00-1-1046x1046.jpg","NxujAyO6TrSJJMhkxZ5oVw==":"01-2-510x510.jpg","8xS0NR9lDfTS6/g1iOeDlQ==":"02-510x510.jpg","r6ssehCTpcILMhHjXxf91A==":"01-3-510x510.jpg","a5GyPC801VIWXWm5bebxEQ==":"02-2-1080x1080.jpg","Zd0b0xclnJnjqNDH3BNiQg==":"03-2-1080x1080.jpg","BH0WXDcSCvAkhxmK0ZLicw==":"04-2-1080x1080.jpg","oXmGRXoxcNdhknSKJYkMEw==":"05-1-1080x1080.jpg","dePbfI+98vB35X592IOwSw==":"06-1-1080x1080.jpg","AcrNt/i70fA9fK6fNpvIlg==":"07-1-1080x1080.jpg","fFGRq6MYFuJEUthQUq6ncg==":"08-1-1080x1080.jpg","SyAVHGTTf198uoUW7NLYYw==":"09-1080x1080.jpg","Ghj3TF7o1BSNFn5BkcYWcw==":"10-1080x1080.jpg","oFRFw/5Q/2ubnI4NMELiRg==":"01-4-510x510.jpg","AQJPhF1p4ss6jgbX58hWGw==":"02-3-1080x1080.jpg","jdcCpRzSW+JHKd3xm158+w==":"03-3-1080x1080.jpg","OY815/O7+qWY/KLCvaUk7A==":"04-3-1080x1080.jpg","X9JSldbJRDreEHL++Tfa9w==":"05-2-1080x1080.jpg","T68zzwvhIGgWGD+oK8Md/A==":"01-5-510x510.jpg","TRG+bPYXd9j7qOUDdMHD0Q==":"02-4-1080x1080.jpg","VrJdt1Ixm8GAGqVWZsbA/g==":"03-4-1080x1080.jpg","FV+kqkpO8N+ICMOt10aung==":"01-6-510x510.jpg","qPX3dh3dhQOaAbQkZFwQDw==":"02-5-1080x1080.jpg","rqb4eTVUCUWGub+zcpo3Mg==":"03-5-1080x1080.jpg","/pWrUGQlvXp80hwUyT7NKA==":"05-3-1080x1080.jpg","WteYEQkr6tgZN0w2RR533g==":"01-7-510x510.jpg","1bYq4cIZHO6TxB38iDQ+Zw==":"02-1-510x510.jpg","c1xnl/kAsw41bBxVR+AQSg==":"03-510x510.jpg","6ENBMn4PqD+6t/JnxDzYTA==":"04-510x510.jpg","/QYPhegeqieWmcqRlpDQgQ==":"05-510x510.jpg","i+VASd035u+nTzz39otOBw==":"06-510x510.jpg","svnsWwSJYAHoD4+rX+i1TQ==":"01-8-510x510.jpg","unoip5JO4ooMOkWVDCFF1A==":"02-2-510x510.jpg","EkTdg02Bge1EapBrsu59kw==":"03-1-510x510.jpg","ivsFMwam7lNTyG8VdgzrVg==":"04-1-510x510.jpg","oWQFADMNxDXdFby4bdu1PQ==":"05-1-510x510.jpg","EvUdyJhlS+MjjArv3dvVsg==":"06-1-510x510.jpg","WfC5llKOymRNSMs4BseSdQ==":"07-510x510.jpg","PqmICzWPLeLUCqsvH1eSWQ==":"08-510x510.jpg","IJD3YoqgRPPes17avs1+7w==":"09-510x510.jpg","FAW9asaMFcanGyLAvMZsBw==":"10-510x510.jpg","WS9O2px8JEay6Dy7SHlVvA==":"11-510x510.jpg","bB3SJb1UzlZp/muuGygiXA==":"12-510x510.jpg","88g/k2txMMqS5xvzCk1MUQ==":"13-510x510.jpg","DgiDyfI3mX/HWUQP7NsdkQ==":"14-510x510.jpg","O8njTIvZmOh6e/jg4+jYow==":"15-510x510.jpg","d9bWCVK7BgK3KS5ePvGFLg==":"01-1080x1080.jpg","Cqdpf9cwZyZfO7kqFAFcvA==":"01-9-510x510.jpg","/CvtV3tLA1a1e4kSnrlqDA==":"02-3-510x510.jpg","TVMx/P+8I5n3bCQ8cV7k2A==":"03-2-510x510.jpg","fuGYB6iZNpBRBD6F6liiLg==":"04-2-510x510.jpg","dXIwFxzkn1uUg4/kLiiccw==":"05-2-510x510.jpg","GyrmOI8eexx74ktNnAA0VA==":"06-2-510x510.jpg","I0+nJMYJcEwH60uFe69uog==":"07-1-510x510.jpg","ojNPAxFaSDEHR215VWXloA==":"08-1-510x510.jpg","staqxdX3h2DbSjoyJqE7Cw==":"09-1-510x510.jpg","10IlEt2rZyMrsubjp3EXaQ==":"01-10-510x510.jpg","+LgS7FEWbpPCV3ozgb+ekg==":"02-6-1080x1080.jpg","doLWzv79y8PKqg2HGKUR1w==":"03-6-1080x1080.jpg","UgWQAsw1gRUnUTh/QHDQpA==":"04-4-1080x1080.jpg","szOx29BP2Q8AtE5zi0PmMA==":"01-1-1080x1080.jpg","tHr3g+vXCSatAOm/zf11Wg==":"02-7-1080x1080.jpg","cxgvdO5QU7hJ6YbHf53HlA==":"03-7-1080x1080.jpg","1osLSER3gdSSDAZ3I7dj0g==":"04-5-1080x1080.jpg","CyCQXesXo2aQHyzyltbVtg==":"05-4-1080x1080.jpg","nF/U8zmLLeKzAtQQ3JvlSg==":"06-2-1080x1080.jpg","oz+9TYsuHgOZP5KBfAYccA==":"07-2-1080x1080.jpg","Yj94Oe2LhCt/qg7HSU8aKQ==":"08-2-1080x1080.jpg","Gt/qWxwu2Dx44Nr2grVuUQ==":"09-1-1080x1080.jpg","OvvLgla8hsKKtmPIVttMDQ==":"10-1-1080x1080.jpg","IPZRD/aBJWPyf7iKYcqvUw==":"11-1080x1080.jpg","PuRkCR/N98+e7FZ8pZiSqg==":"12-1080x1080.jpg","rrIp1Q7EkFrDHKUdNh9vhA==":"13-1080x1080.jpg","UPZ23A7qkNYJJy0QKTp4Sw==":"14-1080x1080.jpg","ftXNeTOZGpp6lsK1fPg9sw==":"01-2-1080x1080.jpg","WQ+ozEKJmMnMuMDtVWjaLQ==":"02-8-1080x1080.jpg","sMYTzogFVmvuqXNa7GvSSQ==":"03-8-1080x1080.jpg","mf4hPbRzroZG48LTCImn5Q==":"04-6-1080x1080.jpg","stxM0RQkIsay9Cgh6iwkCw==":"05-5-1080x1080.jpg","ls+Q7ghoN/KjulqWYstGyg==":"06-3-1080x1080.jpg","sSEG40YINT4g7xoQjHU/lg==":"01-11-510x510.jpg","R4skvCAwnsLTSzg2GPxHWg==":"02-9-1080x1080.jpg","UMzUA+uaIEntyiKHu5H0Ig==":"03-9-1080x1080.jpg","7DTLwLaTTOmczFsaTxAR9g==":"04-7-1080x1080.jpg","nGQK98/jlLGYgZHwqGnq+A==":"05-6-1080x1080.jpg","/EmjnDzwEnNWmAVniqvT1w==":"06-4-1080x1080.jpg","Jb3h/4Rf5AG0JrhaV9D2Gw==":"07-3-1080x1080.jpg","aWAG8iviMF7nWyI6V1uMXg==":"08-3-1080x1080.jpg","nqBCZ67+A7kX5IIa7c72rQ==":"09-2-1080x1080.jpg","qL64RRGdCkHrwf9KctuxEQ==":"10-2-1080x1080.jpg","8DjZyTUF1E8JgzwCP/6s5g==":"11-1-1080x1080.jpg","ryJT2EaUeGUIBllN5VsFXw==":"12-1-1080x1080.jpg","NxyFyzATHW4L2XVc3kwTmQ==":"13-1-1080x1080.jpg","iMY/49vICI70IVAQPeKQ2Q==":"14-1-1080x1080.jpg","4n8EqLSj+a7/NwkzGgu8hg==":"15-1080x1080.jpg","ex+4W6Ruxqu0b01saTIeCg==":"16-1080x1080.jpg","SoA1nf3y/1fkeyxdVJcUEw==":"17-1080x1080.jpg","3DuoIBkujt3O8PxPX/hOfg==":"profile-logo-128x128_1.png","vqe/HG8bTE/Mv+MTdd/hzQ==":"07%20(1)-690x690.jpg","YvUfeWQ4Ka9IPdX1OfjS3A==":"07%20(1)-690x690.jpeg","7wAfYtNfPmBFyuZbaqEFgA==":"disposable-box-paper-meal-box-takeaway-case-packaging-tools-big-capacity-thickened-eco-food-box-degradable.jpg_960x9.webp","uCLs4jEfzCRM4vkA/mdT4g==":"disposable-box-paper-meal-box-takeaway-case-packaging-tools-big-capacity-thickened-eco-food-box-degradable.jpg_960x9-1.webp","3KAah3k3w7aBsrBcyiL7oA==":"3989015-2000x1333.jpeg","YdmFru5i2/3EZ6/Fcmp7rA==":"07-690x690.jpeg","OtLBl7zpZFXBw4qwS9n3Bw==":"2597051-1046x698.jpeg","254N2CT7tMM97VVAi3Zm0g==":"brown%20paper-2000x1870.jpeg","Sw+ZGpofcDQvRwTP3AnGkA==":"07-1-690x690.jpeg","+DdDeWd+UxrFTbh0CTBMcQ==":"07-2-690x690.jpeg","m9dGKjL2BiCLd+PxFg2beg==":"07-3-690x690.jpeg","jhLNi2p/iq82Lo3SDvLpRQ==":"01-3-1080x1080.jpg","1hzBkaAIfT8mckuTlGWqUw==":"02-10-1080x1080.jpg","vGslL9bG+ywDKybPQJwMkA==":"03-10-1080x1080.jpg","6eFiLRlcjN/a01U7StVPcQ==":"04-8-1080x1080.jpg","DWsE3GpWRF8R5ShGXPde1w==":"05-7-1080x1080.jpg","69X6nlz2h/Z6DhvsexTwDw==":"06-5-1080x1080.jpg","JYnZjjZCRZd3FviYEF6XCA==":"07-4-1080x1080.jpg","4xP9hWZKX2eup6G2u9AkeQ==":"08-4-1080x1080.jpg","ZTHkhV+JezP7I1vjbtMGog==":"09-2-510x510.jpg","BOx65bv5T9jWQhebFdin6A==":"09-3-1080x1080.jpg","TrujuY0pkLUMs17SzBE27g==":"10-3-1080x1080.jpg","nXJw8zUfrWPSUU0ryzuRkw==":"11-2-1080x1080.jpg","6DWkvVRaNhCzPuLDbW7xoQ==":"01-4-1080x1080.jpg","CpzSwggFM3Ds/sXc9rmYVA==":"02-11-1080x1080.jpg","uOUx21YdsjKO3OveX33nsw==":"03-11-1080x1080.jpg","s+Zo7L1zP1XnmUlKrVNr4g==":"04-9-1080x1080.jpg","tka01WddU9jFYXN5lPcEGg==":"05-8-1080x1080.jpg","m/29Zy/rzxHwnvXqGGKaQg==":"06-6-1080x1080.jpg","9odUqqp/hU/yyrLzS2SWrA==":"07-5-1080x1080.jpg","xZ9Elxs3UPKw7m48CH+5kA==":"08-5-1080x1080.jpg","4flXgV3R0buFTsij4rJ00w==":"09-4-1080x1080.jpg","19Ryrw+Ss4jQ15eF1XiDpg==":"10-4-1080x1080.jpg","jkq4vs2A5a1pA1LpkhxhOQ==":"01-5-1080x1080.jpg","sS2qSmmQ2ZNYGV4AwByXJQ==":"02-12-1080x1080.jpg","lIJ6qDlSFxWs19Q+X0p9bQ==":"01-6-1080x1080.jpg","BRmwCFdKGcZmWJMNewnnyg==":"02-13-1080x1080.jpg","76XwdVXp909LKzFZBQQ/Pw==":"03-12-1080x1080.jpg","AJYVBhxjwcQvS0xOIBd7sA==":"04-10-1080x1080.jpg","Ctq37uvnBnTbFkAUdSSu8w==":"05-9-1080x1080.jpg","xuPLAQUleWaJX2GgeqT3/Q==":"06-7-1080x1080.jpg","bO3AP5gvBnj1IRg9NRaK7A==":"07-6-1080x1080.jpg","otxHrtR3DrWvnmCs4lkEAA==":"08-6-1080x1080.jpg","gubsa4eJa9/M2CiTGvEjXQ==":"09-5-1080x1080.jpg","o43Kftehq5o34lIsp9jL2Q==":"01-7-1080x1080.jpg","lC/G0Sns+GVZUoizsaLQIw==":"02-14-1080x1080.jpg","fgiHARmlnyqw3t2IFLtuUw==":"03-13-1080x1080.jpg","sp5qbAFbjhJpoxltU8cFcg==":"04-11-1080x1080.jpg","7PRYsc65OzP2RfkSKiN6Kg==":"05-10-1080x1080.jpg","q/JjXXvV0xfmf4gcKgdyqg==":"01-8-1080x1080.jpg","xkbTJJEaiHGBMeEhqj8AmA==":"01-9-1080x1080.jpg","3wohar0vbArXelZEAFQ5EA==":"01-10-1080x1080.jpg","leIy3KqIlr+jMEOI3w4F5g==":"02-15-1080x1080.jpg","WxM2BTOoo3hS5O55JioYxA==":"03-14-1080x1080.jpg","tNOhSGqrjDTFIyqsiwFF6A==":"04-12-1080x1080.jpg","t2Nr0i04/K2VZrk60I8eJA==":"05-11-1080x1080.jpg","Spg2Zv9w7bJ0KMZ14tMIVg==":"06-8-1080x1080.jpg","7Whf7hZ6WM5yZLGQfk7awg==":"07-7-1080x1080.jpg","a5dCbeU7FLeT0M0YUEuvTw==":"08-7-1080x1080.jpg","0FoF1OtLvBQvVYGqS9KGeg==":"09-6-1080x1080.jpg","oB/oKFjEFOF8/laPMxViaQ==":"10-5-1080x1080.jpg","NjZEbSGFFz8mZFqFQWjTVg==":"11-3-1080x1080.jpg","1B5jT2jQ0c+SvSBb6mwSnw==":"12-2-1080x1080.jpg","xJoQ0EgH/kK6m7nflxiW4w==":"13-2-1080x1080.jpg","8pVwD7KCNB3TMACfNJpoWw==":"14-2-1080x1080.jpg","75itMyjRGkbyxUdoslwYmA==":"15-1-1080x1080.jpg","+WFT0fWXE4w9kwRWAjblew==":"16-1-1080x1080.jpg","FGNcgUmuatEy7ei7yMBwPw==":"17-1-1080x1080.jpg","pTpzytou3G20r8PlMHvsHA==":"18-1080x1080.jpg","TthGD6+cICriTZA35ia8pA==":"19-1080x1080.jpg","TDNGIldRyE+XcTpe4VCJew==":"20-1080x1080.jpg","ir/4csf+2rM3kbZSFgI9xw==":"21-1080x1080.jpg","iSTbraUc4sg41+OYw1GGuw==":"22-1080x1080.jpg","IIdBIw5Y0WiLAI5NpTcL4A==":"01-11-1080x1080.jpg","eKRSMRvv6LEtJBc2UporBg==":"packaging---17-paper-bag-#-1080x1080.jpg","IC4+rovHl0IdC6NZe1Fl/Q==":"packaging---17-paper-bag-#-510x510.jpg","S6pB816pTIGH2FONWyXSgw==":"00-20-1080x1080.jpg","WcdJ0SB0AghPYiXsNnAO3w==":"022-510x510.jpg","X5ppMMBUppFs7VRHtG4VZA==":"01-12-1080x1080.jpg","AR4iGXTURMglTB6RKGexeQ==":"02-16-1080x1080.jpg","gy0vMCAeK4mpAh2bieCZZg==":"03-15-1080x1080.jpg","3d1MplDP52pFIhv1Ci3OLQ==":"01-13-1080x1080.jpg","CigWpFzlY1aBD3kQMoiM5g==":"02-17-1080x1080.jpg","Z+OiCuMwMcx7jDnX8S1Hzg==":"03-16-1080x1080.jpg","ixclTVU+HEksbMFeBcNsQA==":"04-13-1080x1080.jpg","ne0iaswT1NE8HUYMJezLQA==":"05-12-1080x1080.jpg","HZ9TkXskiQlcLnE6/eJsHg==":"06-9-1080x1080.jpg","Ffy/d8ftsIePjpDyDDNeWQ==":"07-8-1080x1080.jpg","esh+PpL4ZtwYss+HQDxBiw==":"08-8-1080x1080.jpg","4RdkQdR8jpkQlAYnHQfbaQ==":"09-7-1080x1080.jpg","Fe6OunoHaCTnI++V28lgKw==":"10-6-1080x1080.jpg","UTwHE61qYWPy9pXGGLyA9g==":"11-4-1080x1080.jpg","CmSxWbAlX01BhzoDYWl4DA==":"12-3-1080x1080.jpg","9rjMpdOj75o5/iSFM2HndQ==":"13-3-1080x1080.jpg","HQvtCDiit3ShWiw1CQhWgA==":"14-3-1080x1080.jpg","d+bHAOmQOPzctP+sM6BaXA==":"15-2-1080x1080.jpg","vqeg5RVSrIoTUE0nwhuW8Q==":"16-2-1080x1080.jpg","C6hRz3FItk1S16R5bG8PTw==":"17-2-1080x1080.jpg","5Q3einkLn7roHUmMQOSiOQ==":"18-1-1080x1080.jpg","j3CqybOr7NQrvr3O0AmVkw==":"19-1-1080x1080.jpg","Ucyh7dEV+CiSl30seNeWjw==":"20-1-1080x1080.jpg","GgP7nbx5chRPIQoCp27BYQ==":"21-1-1080x1080.jpg","tolDJuvvLof5b5jZbEZd2A==":"22-1-1080x1080.jpg","0NNgbVaahKZk1QC0c+gzmg==":"23-1080x1080.jpg","vEgLvcUOStYL0YTDBuLFlQ==":"24-1080x1080.jpg","A3x91MqTfbItajLeCwZDvQ==":"25-1080x1080.jpg","sWTaqnOW5jkElTdU7rFH7A==":"26-1080x1080.jpg","huiHPx3Rd+8TVKa9N0hg4g==":"27-1080x1080.jpg","JCr4btmBJdgKue2Twn5nSw==":"28-1080x1080.jpg","nQbDqSoZwrEjHzxOKGyABw==":"29-1080x1080.jpg","yeZfCWg92daE+ure+b3veg==":"30-1080x1080.jpg","0eRjiZLnYxc/X3k8r5GHeQ==":"31-1080x1080.jpg","JHS+uAF4oz/ohjNvqk3VGA==":"32-1080x1080.jpg","mYSzdFFL/m5NLNFP+kwbGg==":"33-1080x1080.jpg","0eCOD5ONnoBlidofM6IUmg==":"34-1080x1080.jpg","n8fYeSTpYHSzH8IW42rwxA==":"35-1080x1080.jpg","nMjt1j0zTrjGqlwYWq4KoQ==":"00ver2-492x492.jpg","oivDC1823c0qjGU56Yfiwg==":"00ver2-1-492x492.jpg","skdI5RXbz6Njqt15oNfGaQ==":"saniclean%20lemon-1086x873.jpg","enyCsmlL2b3Qgsfe+1tb/w==":"saniclean%20calamansi-626x503.jpg","S8onjnlMHAhDYYzff/5zZg==":"earthpack_food_box_logo-492x492.jpg","FFU7I8KtV/RbY9pFV7a9pg==":"earthpack_cake_box_logo-492x492.jpg","7AnIE/RuF4Rf9QLw204zyQ==":"earthpack_pastry_box_logo-492x492.jpg","QTzqxlpn8FthLkYsXwGTVw==":"earthpack_pizza_box_logo-492x492.jpg","pa5Dkwo/T1qgW/t0h+fQvA==":"background5.jpg","YZfX6vbzQ9RWydUzd7d7hQ==":"01-12-510x510.jpg","H6MguqiQruosRIr11I/t8w==":"02-4-510x510.jpg","X8w1aRNot4cUppmG3FNldg==":"04-3-510x510.jpg","bn52NrySeSZjVicED64ZWw==":"05-3-510x510.jpg","L7mrlUcqHks1PwQSBfEpLQ==":"06-3-510x510.jpg","ivMuayLT5Rzfi35HHnDfXA==":"03-3-510x510.jpg","HiyXz8qnJw7zeuUeWmkdjQ==":"a01-510x510.jpg","nIksgu7hDeJiFz88t4mgDg==":"a03-1080x1080.jpg","w2xDfWIRz6b2wbPknwIzUQ==":"a09-1080x1080.jpg","CWDJO6D+FX2Pydf7m94h3A==":"a05-1080x1080.jpg","uiqLuJCEsG7/G14mzVBQDw==":"a08-1080x1080.jpg","qtMpIs7H9PCyCMt5jmCTDA==":"a02-1080x1080.jpg","sfPg8m+SYY2gNYU5Ci6R4Q==":"a04-1080x1080.jpg","tJwONa4PetSVc35sTy0Low==":"a06-1080x1080.jpg","IDIPzfDA5Ty9Ja6VPRZvkg==":"a07-1080x1080.jpg","Vcl2L8rn1wWRydzv5/UBUA==":"a10-1080x1080.jpg","3Qq+lB9YAzWjqppSvZNlgQ==":"a11-1080x1080.jpg","ipW45uW99GrWp4h3rfYlLA==":"a12-1080x1080.jpg","EPLfU3FcKQuCdiq9AQvcYA==":"a13-1080x1080.jpg","k5hwkHrPlq9Hrw7M6kv2rA==":"a14-1080x1080.jpg","Su8a5LfHv2TYENQF2XNPuQ==":"a15-1080x1080.jpg","QHjWqCTz4N3TyNwpPS83ow==":"a16-1080x1080.jpg","JklqOws992TgDpT486X7qQ==":"b01-510x510.jpg","PnM+VtThHVjfmJ00+IaDGQ==":"b03-1080x1080.jpg","8AGoTFHf6Exrqs045IANTA==":"b04-1080x1080.jpg","BPZnJdvSf2PRg8XKXExJ6Q==":"b05-1080x1080.jpg","YgmREfDSaXPKqPPqStea6Q==":"b06-1080x1080.jpg","deSOX4TA0auE0TvlJ9mPSw==":"b07-1080x1080.jpg","/lbsuLZYXkmkwBbzY1nnPQ==":"b08-1080x1080.jpg","T6+kSRhJEtYOcy+N8f3CQA==":"b09-1080x1080.jpg","l58tMMI0Mcw7zB4DyxDRdw==":"b10-1080x1080.jpg","M/aOdC6a4TuMU1hv2UURsQ==":"b02-1080x1080.jpg","CyCy5IX76B02VJCuQQ1oig==":"earthpack_pizza_box_logo-1201x1200.jpg","tGSqshIs9/D82dl70hGRjA==":"c01-510x510.jpg","FT6+phF5dJui0vmqkcfaMQ==":"c03-1080x1080.jpg","pXv7Na8jeNP+q74oYOfbbQ==":"c04-1080x1080.jpg","pyszeq/ZLNAHb2Kk89kRiQ==":"c02-1080x1080.jpg","5cOe3C00BHpVlewg+Q9fMQ==":"01-1-gallon-calamansi-1080x1080.jpg","+ZEEV2t0p5lMrqI5q8gnaA==":"02-1-gallon-lemon-1080x1080.jpg","HM+nQIdKGD3/dElDn2up2w==":"03-1-liter-calamansi-1080x1080.jpg","vT9tmyaApz2ELuES2FefLg==":"04-1-liter-lemon-1080x1080.jpg","ib5cBUun1VxT5jOfusBzbg==":"05-350ml-calamansi-1080x1080.jpg","89z90Cw3X4HH7DVbVJmaxQ==":"06-350ml-lemon-1080x1080.jpg","qz8VPX3+hKRip20F4ZbLBg==":"05-420x420.jpg","7WpsYmJBgatHsQQTrb/kJA==":"06-420x420.jpg","QmA/LRoGz57pvoc56dtblg==":"07-420x420.jpg","oCmOLh8rMlyKYSZosd0dkg==":"06-10-1080x1080.jpg","K19N9Pp7Cw+vsi2REvaRiw==":"02-5-510x510.jpg","Y1kHo9XgmqXmN38EFDYaAw==":"03-4-510x510.jpg","+WKzb+ceZSmN/Au+csmHrQ==":"01-13-510x510.jpg","o7ROxYjUqEBq+EKEJ4TCwQ==":"05-1-420x420.jpg","ZnDRvNpNSauthesJL8vpkA==":"06-1-420x420.jpg","KSz6+ECcojo8miBsLJoY6w==":"07-1-420x420.jpg","8CRVnd+BtBEA1pLmZjZUGQ==":"08-420x420.jpg","B1082F85qax4ql9Cki+0Aw==":"01-5-1080x1080.jpeg","8PLhRjUyHBClWvXrqjyaVQ==":"01-14-510x510.jpg","vCFg88WlXSzJpM5xdIpdDQ==":"02-6-510x510.jpg","VZfqPpbP/ebv/4sVseIQYw==":"03-5-510x510.jpg","fuhYllLOGz2Y+tpJGB1sHg==":"04-4-510x510.jpg","CytxNK7wyhzk4x7OQ8wkew==":"05-4-510x510.jpg","EtiFH1Q3DYOvTOZggzYI0w==":"06-4-510x510.jpg","2TqWbOq4KzQ9DGXqZYProA==":"07-2-510x510.jpg","25+/bG6hFrVAXUbyTH+jKA==":"08-2-510x510.jpg","KGvRtcXmfyLckN2oj0pKag==":"09-3-510x510.jpg","XgolGV79lYXlSS+gJBJMDg==":"re-500-1080x1080.jpg","6VbjSxuTPcvlNF+kEbH1sQ==":"re-750-1080x1080.jpg","VQcxBkZ0T2eAj/b3MPwlgQ==":"re-1000-1080x1080.jpg","yGryxv5gQKufY0n76YSETw==":"re-3200-1080x1080.jpg","3mr+OsaP0cKnFs9+aOCIDg==":"022-420x420.jpg","6hjWIcAlKnqqlSC97NRW5Q==":"01-12x16x5-white-without-window-420x420.jpg","xkdmxQSOu8N8e16z2Fgt3Q==":"02-12x16x5-white-with-window-1080x1080.jpg","Qp7H1xtWjPIPR3SNAhAs+g==":"06-12x16x4-white-with-window-1080x1080.jpg","NodIxVe0Sngs1vr66Nnpbw==":"08-12x16x4-red-with-window-1080x1080.jpg","OpOVeKZ9gKkv5YtzP/iS4g==":"09-12x12x5-white-without-window-1080x1080.jpg","pah/PG/6KWI/O5K3tN+V4A==":"11-12x12x5-red-without-window-1080x1080.jpg","IgA7PeKdlV2weXp1l+OOfQ==":"17-10x14x5-white-without-window-1080x1080.jpg","9LpLeQ6hNKYPzyBHVF3NdA==":"33-9x12x3-white-without-window-1080x1080.jpg","TqEXf8x/eZ1RFgCSqhz8uA==":"48-7x10x3-cupcake-red-with-window-1080x1080.jpg","B07FK7p69XPo+Gvu00W8nw==":"42-8x8x4-white-with-window-1080x1080.jpg","C+/pl3W7x6YNYDpI3o7x1Q==":"19-10x14x5-red-without-window-1080x1080.jpg","NrG2MZ/o0kXkSfvuS8cSQA==":"39-9x9x4-red-without-window-1080x1080.jpg","PHTOO5Sv8o+SCBHg9AaWlw==":"47-7x10x3-cupcake-red-without-window-1080x1080.jpg","zyYTadCg5QtSSuGsGVHTow==":"49-7x10x2-cupcake-white-without-window-1080x1080.jpg","b53Tuxi7BN/ULI0I6FXG1A==":"50-7x10x2-cupcake-white-with-window-1080x1080.jpg","N0UyAyCr8AUahJTRyzFYbg==":"52-7x10x2-cupcake-red-with-window-1080x1080.jpg","TMHSREtaYGdhDad97u+9aw==":"12-12x12x5-red-with-window-1080x1080.jpg","UXzFxAINyGOB6PMzMgqgww==":"14-12x12x4-white-with-window-1080x1080.jpg","yvROBQKNArzig+0KeKyfzg==":"54-cake-board-420x420.jpg","UETBGxzVKVaR7ehw9JKmgw==":"55-cake-board-1080x1080.jpg","U0sZ8ll4ocCz2CykC0Al8w==":"56-cake-board-1080x1080.jpg","LRttcvpSEbiJ9gXVDFVFYg==":"57-round-cake-board-1080x1080.jpg","GV0R71mhiGQa/aT1zK403A==":"trigem-pizza-box-420x420.jpg","Jpv+8na08BZFybpTdZfLHw==":"trigem-pizza-box-1-1080x1080.jpg","udFhwVHHtYqGmdEg5PDhVA==":"trigem-pizza-box-3-1080x1080.jpg","QprVoMur6eYjlLdl1D0lQw==":"bagasse--rectangular-tray-1000ml-1080x1080.jpg","WpDVgNhx/1SYWNRIZUIqfA==":"02-950ml-1080x1080.jpg","/gzg5fBwOwr34Rt2lwOggg==":"06-bagasse-cup-1080x1080.jpg","bP8uizHcklFTqv7c0o+yCQ==":"04-3-division-1080x1080.jpg","PFz45pRxD2S5PSRaAWwM5Q==":"01-ha-01-bento-box-lb3-a-420x420.jpg","O7dY02rjLoDw6IosmRx3NQ==":"03-ha-03-bento-box-lb4-b-1080x1080.jpg","Hd8bwrG1C3w1k0002j0x0g==":"00-label-492x492.jpg","kdydWRxUHceMVsK43PqfAw==":"00-label-1-492x492.jpg","vmNCKwDdQ79ZCT5fI/25YA==":"00-label2-492x492.jpg","mKNeo6IMOPa8n0C8Pkjolw==":"pizza-box-492x492.jpg","S/ZYDNJq9CVDlJhYoZ9f2g==":"00-1-492x492.jpg","GVljkzyEQeROk7j12R8wFg==":"05-12x16x4-white-without-window-1080x1080.jpg","ZQq4mOYBrjUCU99EwKGoaw==":"13-12x12x4-white-without-window-1080x1080.jpg","uDTAdS4jOFeeII1XME12fQ==":"21-10x14x4-white-without-window-1080x1080.jpg","BsRkuI28yrvkbGWZJTLV5g==":"24a-10x14x3-white-without-window-1080x1080.jpg","zLmvQSlS5hNDex9cR964IA==":"25-10x10x5-white-without-window-1080x1080.jpg","ufkMtTKtbqV6OXJcx3R03Q==":"29-10x10x4-white-without-window-1080x1080.jpg","xFCM+YRQkJZjRHPqfitdcQ==":"37-9x9x4-white-without-window-1080x1080.jpg","BYBNK2wRWz0raTs6y5re9w==":"41-8x8x4-white-without-window-1080x1080.jpg","BHRUWHqkkQIdmgB1HT4hZQ==":"45-7x10x3-cupcake-white-without-window-1080x1080.jpg","Qe6E6Ha7Y+8UyoL39njU4w==":"53a-full-roll-1080x1080.jpg","qacqOTBlr8g44Sx6xOaS3A==":"53-half-roll-1080x1080.jpg","tnp7ztRsp49HJWiCBHt4Uw==":"10-12x12x5-white-with-window-1080x1080.jpg","M+37TbzDhfQw/+QcpTUQOQ==":"18-10x14x5-white-with-window-1080x1080.jpg","D0Qr0qYJz2iHf+bI3vjl1A==":"22-10x14x4-white-with-window-1080x1080.jpg","eKYqDUInl+wH27EIQkTgaA==":"24b-10x14x3-white-with-window-1080x1080.jpg","lvzxPaVg1XXbVV/2M63p7Q==":"26-10x10x5-white-with-window-1080x1080.jpg","NaZ5ivRKnyhzPzQbf43S7A==":"30-10x10x4-white-with-window-1080x1080.jpg","dILf7Q8QBHQZQWaLvsa+Ig==":"34-9x12x3-white-with-window-1080x1080.jpg","eEJL3S6+kuBIj/pFRGonaA==":"38-9x9x4-white-with-window-1080x1080.jpg","7y61MD/E3wU9ALqo5uzxsA==":"46-7x10x3-cupcake-white-with-window-1080x1080.jpg","wKhzZS+AagKCoegRwx/Eyg==":"03-12x16x5-red-without-window-1080x1080.jpg","/tJmmStonH2pJ4bDr9bysA==":"07-12x16x4-red-without-window-1080x1080.jpg","9vM+MUwjuOm9R7kjoLOndA==":"15-12x12x4-red-without-window-1080x1080.jpg","6Tnw+32EI7xNtvzl3WJTFw==":"23-10x14x4-red-without-window-1080x1080.jpg","xgPEmj9QJIBCsax+QuQi9A==":"24c-10x14x3-red-without-window-1080x1080.jpg","UoIAgYhQsY4bXj9vGODiqA==":"27-10x10x5-red-without-window-1080x1080.jpg","++OzZ/SZqN2D1ke7HoJ6iA==":"31-10x10x4-red-without-window-1080x1080.jpg","XxJg/PCRiXSyHKPM+shFAA==":"35-9x12x3-red-without-window-1080x1080.jpg","9elwR/tUq6Sb7cHmVZAN3A==":"43-8x8x4-red-without-window-1080x1080.jpg","/ItD/AHHtwR33pmlYYDPxw==":"51-7x10x2-cupcake-red-without-window-1080x1080.jpg","IWhB1ZZGGRl1U9ZAGW40pw==":"04-12x16x5-red-with-window-1080x1080.jpg","z9S2om4QDMZtz1+kZwZAXA==":"16-12x12x4-red-with-window-1080x1080.jpg","RD2cdf+lo0b/4JKiBXMt3g==":"20-10x14x5-red-with-window-1080x1080.jpg","sNNLPi7qKpRZqX5zgapW2g==":"24-10x14x4-red-with-window-1080x1080.jpg","IeeFeZTAcNJEJpE7hGGQsg==":"24d-10x14x3-red-with-window-1080x1080.jpg","8aJMJT7inCbCoTg0zHDj+g==":"28-10x10x5-red-with-window-1080x1080.jpg","HDncW/9Vy7+msfYlazfGtg==":"32-10x10x4-red-with-window-1080x1080.jpg","cd9u0WezLzB7m6hRVSBGZQ==":"36-9x12x3-red-with-window-1080x1080.jpg","Y2PtW3HKowx9Dp5d0suexA==":"40-9x9x4-red-with-window-1080x1080.jpg","w3rp40qHGv/GIxngpXAjqg==":"44-8x8x4-red-with-window-1080x1080.jpg","1pccvXzu/bzLyVOMUSMwcA==":"trigem-pizza-box-1080x1080.jpg","BtfKXRQorVKiKZySiF/EEg==":"trigem-pizza-box-2-1080x1080.jpg","k4UEF9/DNouP9M2dswaVyQ==":"02-ha-02-bento-box-lb4-a-1080x1080.jpg","E7f2J4yq458iUMaA3r6/7g==":"01-plate-1080x1080.jpg","Rbh4lszltQYLKTI4VtC7Bw==":"03-nacho-tray-1080x1080.jpg","hmg3O678LN8JcaJn2tCvdw==":"05-6-division-1080x1080.jpg","ugwL/6SAtjPk57XDEZ4phg==":"bagasse--rectangular-tray-750ml-1080x1080.jpg","07MgBFIGuZZ7QPWYFbUBTQ==":"00-1-800x800.jpeg","vbUFJwJYnFBDm4ZEXjRQeA==":"profile%20logo-1080x1080.png","NC524XjVWWm6KFkEJTMKDQ==":"disposable-box-paper-meal-box-takeaway-case-packaging-tools-big-capacity-thickened-eco-food-box-degradable.jpg_960x9-2.webp","YQKOdvnQ+VA75gqHPfgLbg==":"00-2-800x800.jpeg","TKXOwYOqGpI6Xx1DnkbzUQ==":"00-3-800x800.jpeg","XmT6peLhqNfuE0tEni5Z/A==":"00-4-800x800.jpeg","RX4YhdVwSElG8yEG21bDRQ==":"00-label-1080x1080.jpeg","70wERRuFhPIP3ZUn4wvU8g==":"00-label2-1080x1080.jpeg","5tSpW7LoVVk9kZxaavcV6A==":"pizza-box-1080x1080.jpeg","YIephnFEf5PTmoQ5vRjkoA==":"00-label-1-1080x1080.jpeg","VvJvAuVzY5YB0ZiLp2nrSQ==":"00-4-1080x1080.jpeg","ypcMUX8JwFY7a/U2zn96GA==":"00ver2-1080x1080.jpeg","HXCNSz5igvlYTXz7sLLFWQ==":"00-5-1080x1080.jpeg","8V89AZT+nzH3CoLEV18V0g==":"00-6-1080x1080.jpeg","LOmnYroZIdpj+GgAamyZpw==":"00-7-1080x1080.jpeg","YHWYtZ7fVAkQux4n2nLUKQ==":"00-8-1080x1080.jpeg","Fi203UaNqF1ck0j5BGxmdg==":"00-9-1080x1080.jpeg","hrQtv1rYcDpJz7DpcUXoRg==":"00-10-1080x1080.jpeg","aDXFoPHPof9dCxvX2YZi+A==":"00-11-1080x1080.jpeg","n6N1AGlaXyQ7mgEZSIRxgw==":"00-12-1080x1080.jpeg","uEdn8I9EJFpPU0L/1Q8/4w==":"00-13-1080x1080.jpeg","cZrua2vVvuCNFizS07Z5sA==":"00-14-1080x1080.jpeg","EPmHoAioM+YGCQUKYx9ppA==":"00-15-1080x1080.jpeg","f2jJhTC7sLLYnmOwwEIbbQ==":"00-16-1080x1080.jpeg","FrXlx1RG1H+LXxFdJLiX1w==":"00ver2-1-1080x1080.jpeg","m9eySaJvrgaocjhLuxtZFQ==":"earthpack_food_box_logo-1200x1200.jpeg","Mji52b4PNaNVbOnuhJSKPw==":"earthpack_cake_box_logo-1201x1200.jpeg","M5w3zxbvNWgzNMWihaxbgA==":"earthpack_pastry_box_logo-1201x1200.jpeg","qMiLFy4OI8mr7fSSAZiYFw==":"earthpack_pizza_box_logo-1201x1200.jpeg","9PvHpK67v0En7/ic6GRcaw==":"00-676x676.jpeg","K4jYP4DsoLK4FJXga4LLkg==":"00-17-1080x1080.jpeg","UM5PwksDcxIuMx4d5nfxAQ==":"00-18-1080x1080.jpeg","ktIegvwznPxJMeIbMkUgAA==":"00-19-1080x1080.jpeg","kmWWUGtxygLUkZ4HvgPFpQ==":"00-20-1080x1080.jpeg","6GlJyboTb4ulDeHwHuva9g==":"00-21-1080x1080.jpeg","UAc7kepzJPkrSn4uqTRvmw==":"background4.jpg","X9gQoeSOuKFpGEJfWJ1Jgg==":"logo-1014x963.png","TUY42tiNetl44oUml9nLUw==":"saniclean%20new%20branding-1014x455.png","155PtwvoSa9SBSwdNBberw==":"bg-2000x2000.png","/ArkDOHFkqWnPgOG00w3Zg==":"bg-1-2000x2000.png","wDQfrkuYm8/o6R888gV5jg==":"bg-2-2000x2000.png","iZV3F4tRp2aSdgzkaNHsng==":"saniclean%20new%20branding-1014x455.png","iEVZBcMxOPAIw7oDcadMsQ==":"saniclean%20profile-2000x1500.png","7vw8LH2xOE6w0MerueyYZQ==":"background4.jpg","q+XvUqpVsdj+8+LTFMlMlw==":"logo-122x116.png","uHWBzakqis7h82/GWIonsA==":"00-16-800x800.jpeg","0/v8vzSOIVSnfwKzBsdl0Q==":"00-5-1080x1080-800x800.jpg","qJSMVxAFrXZoCC/Fgp86Ug==":"00-4-1080x1080-800x800.jpg","A99EtPldcffseWeOrICoyA==":"00-9-1080x1080-800x800.jpg","pjOJL9btb9XI3fxHhRfDfA==":"00-492x492.jpg","UwKnF2KLr/ocdf9gues7Jg==":"background5.jpg","jeWAcH30KwwfPucWQ1RZWg==":"00-10-1080x1080-800x800.jpg","e2Nw+OwakkrAgYf0I8gjrg==":"paper%20cup-1920x1920.png","FO1itaG/cQM4GmgY5FHhpQ==":"paper%20cup-1920x1920.png","Pk2i7aYhSfypG83iwamjyw==":"paper%20bowl%20red%20390cc-2000x2000.png","5yLRtSYsHWT2fuQ/vgJGgw==":"paper%20bowl-2000x2000.png","Eh1B4+hz13o3lKuIVvkX4Q==":"01-9-1080x1080.jpg","nhUk/DDkupbWdOf4ZPDOug==":"31-1080x1080.jpg","bSJj0JTHSrNfxlXPlMQqow==":"bagasse%20900ml%20rectangular%20tray%20with%20lid-2000x2000.png","64HIWDarmEpZf7kTaahEbQ==":"ecoliving%20hamburger%20box%20brown%20silver-2000x2000.png","7U/nIxjzya/ez0DdDyGzsA==":"01%20nacho%20tray-491x491.png","ryFTsNsnuaOSJ6C6INs7IA==":"02%20meal%20box-491x491.png","71DiqN4COgWvgVdJemEiWg==":"03%20earthpack%20meal%20box-491x491.png","pHDgFNdDCKMzP+5w6LJGNg==":"00-label-1-492x492.jpg","qY7PAx9iP88So++DxtInZw==":"00ver2-492x492.jpg","+fzOIdc0QOaAslvGvCqrAg==":"00-5-1080x1080.jpeg","Z5EPgOejKZ6nGtBBMfgh6Q==":"00-7-1080x1080-800x800.jpg","8DMP7Arr2C5bDwPKWKwo5Q==":"paper%20tray-491x491.png","pCVwBKBPKqQpVQj1BW31Xw==":"plastic%20cup-491x491.png","JIRNgLgSM3jQvQmqVNSUCw==":"00-13-1080x1080-800x800.jpg","hZ66RV750E271hW+HH6e9A==":"tissue-491x491.png","MpgB6RTPkJW9OsFKmMM/Rg==":"disposable-491x491.png","RNmapM+/E9EHerY3qDgQ0A==":"eco%20bag-491x491.png","/qmNRiB5wrnrvLhwjDygfQ==":"microwave-491x491.png","kPTTy6tWBEueT6+FD+uEzQ==":"paper%20bag-491x491.png","YQrO7viyOMAHo12M4aIVYw==":"00-label-1080x1080.jpeg","LLmLrRqtdOJ2VdO/u/4tpA==":"00-label-492x492.jpg","h4s45ZmcSbb+WXbwjZgTXg==":"earthpack%20cake%20box-491x491.png","TVZMN/BnkuUk5gOYMjNrmA==":"other%20cake%20box-491x491.png","wCUq7DXcI8OiQHwk26MsGw==":"cakepost-491x491.png","fYtgc64GD8QY8KBQniR8nQ==":"cakedrum-491x491.png","eukcORwTRsVkE/ZYpgWFHQ==":"cakeboard-491x491.png","99K18O5XdmVXPz2FmoefrQ==":"earthpack%20pastry-491x491.png","b7TqATFhX1jM67p37xs46A==":"pizza%20box-676x676.png","C6sDs+EUdvbswvZzUdaZpA==":"earthpack%20pizza-676x676.png","3iHTl6Myijw6hjk91hvRIw==":"earthpack%20pie%20box-676x676.png","YPVTNJR8Ef/JfkBaRsYhMA==":"00-1-492x492.jpg","baeDbNGC7gA/J3K/xlAU8Q==":"packaging%20-%2001%20nacho%20tray%20#%20copy-1080x1080.png","VlTp9ROMn5CIMOANnw79/A==":"ecoliving%20spaghetti%20box%20brown%20silver-2160x2160.png","yXOfUfN3Ya9O5s+mx1Y9tQ==":"ecoliving%20hamburger%20box%20brown%20silver-2160x2160.png","dJX8NBND+/nISw9R1czoOQ==":"ecoliving%20880cc-2160x2160.png","dUvKM235jdzL5JG3AdiD1g==":"01-1080x1080.png","8nhbsJnNt3/jBPJ8x5/yzA==":"02-1080x1080.png","VxGE/ELApdlSJ9msuKJMtw==":"03-1080x1080.png","mcfA6zQLKWyhBfITtEc84Q==":"10-1080x1080.png","ohFC1hs+53VXO3nnbUN0fw==":"14-1080x1080.png","yG3Pfqwy9pJv7UvKT20TPA==":"24-1080x1080.png","fwc+VSFmSvvEb8YDDmc7Uw==":"trigem%20lunch%20box%20jr-2160x2160.png","WOlU4YwmUpz0SAh3TVtjGQ==":"04-1080x1080.png","wl/IEL1f7LLqYto2Esm+SA==":"05-1080x1080.png","C33FpuGGS4XE2a8DqJHoIA==":"06-1080x1080.png","dyty/GUXVNSLhQDsUgAZBg==":"07-1080x1080.png","pLQ6u8qh0906KNbc13vVhg==":"08-1080x1080.png","oaNnHJGE1R+SSRPaNVYxUQ==":"09-1080x1080.png","Udl/+7ku1QlwbqgYdVn7uQ==":"11-1080x1080.png","XMu4mYEg+zQquRvHAA08eQ==":"12-1080x1080.png","g7yqukYAYXU3SjnnigSc3g==":"13-1080x1080.png","4g45tZJMtCrgiF2cNtptjg==":"15-1080x1080.png","1uQYIWioHP9PI+GgQo5ytA==":"16-1080x1080.png","IU3AXwp2c++2o/JwgFKDxQ==":"17-1080x1080.png","/PCzmpx6sp0ADtv0PuRFqg==":"18-1080x1080.png","UCkPB40n+DeZ+szw+FNTsw==":"19-1080x1080.png","6XOhaZEuiP89Em/trpChzQ==":"20-1080x1080.png","Ve/FTbFYN2cCColglBKNpA==":"21-1080x1080.png","k0tF6cbCeZTV2+znK5pLDw==":"22-1080x1080.png","71joXDhSa5AcNq0QEMc+lQ==":"23-1080x1080.png","iRzH9xZ7gic4rNQo6gCJPA==":"paper%20plate-510x510.png","Fk6oMQyaKzAM5KF+C+909Q==":"vdog%20flat-2160x2160.png","muIoHx424i37Cem8ZIy2lQ==":"corn%20dog-2160x2160.png","tH7/JF4VrwUeL9i96A7mSQ==":"paper%20cup-2160x2160.png","qhUv9CdaWOwFuLcARhYl7Q==":"dabba%20cup%20elegant%2016oz-1080x1080.png","loLwPteQ8SODS/tHdcSEHA==":"dabba%20cup%20flat%20lid-1080x1080.png","XLj8YOBU5KsDVXX9/zqNUQ==":"hard%20cup%20lid%20with%20heart-1080x1080.png","ikwClgRGY2iwdu4xWXssqA==":"hard%20cup%20macao%2016oz-1080x1080.png","GpUVMtIkocfDrTVDjPwFiA==":"hard%20cup%20macao%2022oz-1080x1080.png","6pb13K/WXWmMGiyfOBDGeQ==":"dabba%20cup%20strawless%20lid-1080x1080.png","UTKO9GO+AzK8sI/DHniwVQ==":"dabba%20cup%20dome%20lid-1080x1080.png","8C6KfrT45U9ZEtHdg5sfJw==":"flat%20lid%20for%20sago%20and%20u-cup-1080x1080.png","1REOwaMuieTDfMM1Je4bpw==":"dome%20lid%20for%20sago%20and%20u-cup-1080x1080.png","hbPaLC9yggGt3SKrNEkR3A==":"dabba%20cup%20elegant%2012oz-1080x1080.png","ZgVybKuEDPwn2T3r8UmYcQ==":"dabba%20cup%20elegant%2022oz-1080x1080.png","V/4XQVYLlXT9M7Bu7pmekQ==":"sago%20cup%2012oz,%2016oz,%2022oz-1080x1080.png","QS3WrKrGrxaAlk48Bx1OYg==":"u-cup%2012oz,%2016oz,%2022oz-1080x1080.png","leUce4mJRxBg5nATEBwsvA==":"bendable%20straw-1080x1080.png","UbC9rkRIsFqhBBk63c9sCg==":"paper%20bowl-2160x2160.png","kv8iL8DJetaXcGY1d7+fBw==":"paper%20bowl%20red%20390cc-2160x2160.png","SBjH2Vbcoxrv89aNSsdEiw==":"wodden%20coffee%20stirrer%20140mm-2160x2160.png","UWJfOSKUIkY9dm7fSzBSQQ==":"wooden%20cutlery%20set-2160x2160.png","JGKUxfP1XSibFrxaYalAzA==":"bamboo%20round%20chopstick%20with%20toothpick%2020cm-2160x2160.png","SONB7J5I5pS9+ums5QTPtA==":"bamboo%20skewer%20-%20available%20in%206%e2%80%9d,%208%e2%80%9d,%2010%e2%80%9d,%2012%e2%80%9d-2160x2160.png","Q8O2tvIPVoE62x+RzAiy5A==":"01-8-1080x1080.jpg","guDYie4w6M+pIVIpY28gzg==":"microwaveable-container-3-div-sq-clear.png","lbWhzEg9hHY0VLgrCCd7Pg==":"microwaveable-container-4-div-sq-clear.png","lfzGdsJJ7O1auwuWpXFg9Q==":"01-11-1080x1080.jpg","7w+6VpB6R2HT+ECxudZYdg==":"022-420x420.jpg","f/5lmByt9HhH/X5VjZQDTA==":"01-12-1080x1080.jpg","qqoifq/t3j1se4jxtA4ABQ==":"02-16-1080x1080.jpg","NXt5eFckGULJHhou4OQbWA==":"03-15-1080x1080.jpg","ohFo9e2k+nL29lBXt7m1jw==":"pet-bottles.png","8y39juKliY/EnPqJgjDZJw==":"01-plate-1080x1080.jpg","8E9ESz/8CxU8Rty0JN8Jgw==":"03-2160x2160.jpg","DzihdQfx/GxWscGPsQ5MYQ==":"06-2160x2160.jpg","Fv6+NCCebjLKkybrqrpYzw==":"08-2160x2160.jpg","lk/qCK/LJvuEhnSezrUBnw==":"05-13-1080x1080.jpg","lb1wQuoAUqeHSnRFLdXmeg==":"01-5-1080x1080.jpeg","7d4F850NG74WDAFcyalB8A==":"01.jpg","K5aa3k3RJzg9qxlntuNu2A==":"02.jpg","VYBuUeMuZRmyP3SGJ0r51w==":"12.jpg","+f3vZMagtPg7/T8jo7xUaw==":"03.jpg","o2qiYk1PVl+75oAszVGxuA==":"08.jpg","tD4h6Zq10FIQDYeHMpBNhQ==":"07.jpg","ogWhqGuc/6VuCb77Okcuxg==":"10.jpg","EiqOVLIQaQqNgUDtfQIzFQ==":"11.jpg","1nKRVMUVbH16zC+X3IjkKA==":"14.jpg","E3OtAmYbD27BdxR7mLkn5w==":"15.jpg","9mT6YvMs/A6an3gQ6rApCQ==":"16.jpg","N9X/FCAKqVB3gjFqb6OFUg==":"09.jpg","IuqdQZS4J911Q+lKWReYlw==":"13.jpg","cNym2lTQnpRFZiwqEDtl1A==":"05.jpg","jl7kEoWHFVb4w0PMtuC7tQ==":"04.jpg","YeysmbJTbagHG3MTTGCvRQ==":"06.jpg","L9ruBZs6CYdu0ubfMX4nOw==":"03-1.jpg","RFx+4vK+5MFlU8i8pq7Jig==":"04-1.jpg","PGi3pdi6Xl2/AlIGzTrdGQ==":"01-1.jpg","zUlc1vVUIkaUycyv+h0LKQ==":"02-1.jpg","vdgFEilQlhY3H7cgCRFvVQ==":"05-1.jpg","7awt9gGu1QeRKyNhdz6fFg==":"02%20meal%20box-491x491.png","IkVyEjj9MkmdomL5bZsF2w==":"03%20earthpack%20meal%20box-491x491.png","Nsys4ZKuG+krAOCFYb/3Pw==":"00-label-1-492x492.jpeg","dw2YxA8LZUshL4f7/H1oYg==":"paper%20bag-491x491.png","TyZQcfxobH7kMs6jEaXEMg==":"plastic%20cup-491x491.png","Uw8Kc4oV8rJaqLJixDj8mQ==":"tissue-1-491x491.png","YUdsxwHjl93q7HD576Bujw==":"disposable-1-491x491.png","GzUTBH39aDxwyiuaggrqIQ==":"eco%20bag-491x491.png","P9C74YYHR9yd6iSBKVzeJQ==":"microwave-1-491x491.png","3dHHRDZA94C1iOiqhEc0iA==":"paper%20tray-491x491.png","ECjC134WgucNiqfVPRymdQ==":"other%20cake%20box-491x491.png","IPTQoju7v6oNOZe2b01vzA==":"cake%20box%20gold%20with%20window-2160x2160.png","zEqU40B6hOxyQeGsNyg5tw==":"cake%20box%20red%20with%20printed%20design%20with%20window-2160x2160.png","zHHnFtLhl5uPcM2Y8lD71Q==":"cake%20box%20white%20cover%20without%20window-2160x2160.png","vgM2vB4GfnBgoiFf13cGTA==":"cakepost-1-491x491.png","3warOFq98oIl4rM0q6KczA==":"cake-post-30-white-earthpack-no-cut-with-cut.png","iL4HyW8Xz7TjY2/nBngF/g==":"cakedrum-1-491x491.png","TnHvXW9Kb3mxIVFupzrAmg==":"3%20monkeys%2012mm-2160x2160.png","F/wxiEyMg2m/dX1ZxXR6mw==":"3%20monkeys%2012mm%20cake%20drum%20sq%20gold-silver-2160x2160.png","QDcXOcWffuHA1AM9mBA0yg==":"trigem%203.5mm%20solid%20cake%20board%2012x16-1080x1080.png","vJCNQsOcBknfkZ9c2G3BgA==":"trigem%203.5mm%20solid%20cake%20board%20silver-1080x1080.png","Y41+cIAloDFa1P09NLD0aw==":"01-11-510x510.jpg","GKK6JxNZsGxqlsGJghb1+g==":"trigem%203.5mm%20solid%20cake%20board%2010x10-1080x1080.png","1wR4ihHIKNJn5+6qjUyreA==":"trigem%203.5mm%20solid%20cake%20board%2012x12-1080x1080.png","j2RUf/ZF5BRQvdi3ji7AOg==":"trigem%203.5mm%20solid%20cake%20board%20white-1080x1080.png","tL//0iSX8lnykMK6HZAuKA==":"trigem%203.5mm%20solid%20cake%20board%20gold-1080x1080.png","WbxsnwxbyRlrrSCnvguGgg==":"suki%203mm%20corrugated%20cake%20board%20white-1080x1080.png","Xpw7c6D7Jsn0tejFdhXX9g==":"suki%203mm%20corrugated%20cake%20board%20silver-1080x1080.png","rPsrVBNbbFZUW0a/AWxQsw==":"earthpack%20pastry-491x491.png","FEokbLZFy76W0c/c6FMuhw==":"earthpack%20pizza-676x676.png","WH/LoKQ9Ltabw5zD1XPuWg==":"01-1-510x510.jpg","YiEiOjuVjedXJjDqcCQTDg==":"02-1-1080x1080.jpg","JmmobdcnacC6GJj7YNT3Ng==":"03-1-1080x1080.jpg","cU1IEaUQZgQOF4mRsdlsSQ==":"04-1-1080x1080.jpg","h8BblAQoxgQRSLxHiA6AJw==":"earthpack%20pie%20box-676x676.png","sqFusgcDV5FwEjwKRnVe0Q==":"buko-pie-egg-pie-box-1080x1080.jpg","jleZ/xDKPGXnBriDTRjLrg==":"maxcare%2070%25%20isopropyl%20alcohol-2000x2000.png","lFZQZ73Pw0qvZwGClKl/Kg==":"maxcare%2070%25%20sanitizer%20gel%201%20gallon-2000x2000.png","5j5eY059A8toF5EtYcwRNg==":"02%20meal%20box-676x676.png","F4emQSlwwbBuQsvlbvs6cQ==":"03%20earthpack%20meal%20box-491x491.png","jRFjsiEzh+0I47h9zrP1Iw==":"paper%20tray-491x491.png","DG5niNxS1eiJwRA2ikaTXQ==":"plastic%20cup-491x491.png","gWmlsM+ocQvQrOYmau6Ffw==":"eco%20bag-491x491.png","tTeM59ynLZf3upb2BSpU3A==":"paper%20bag-491x491.png","GzGVP0KUk6pudIhdGHHjvw==":"other%20cake%20box-491x491.png","W91nOlzpZcpvzUS4cc/IgA==":"earthpack%20pastry-491x491.png","yY0wP1aDcCvEDAu8hhMz6Q==":"earthpack%20pizza-676x676.png","i/ucCqINY9eFKg1jyBqtrw==":"earthpack%20pie%20box-676x676.png","J6Y8CSZlwx+sfWbLiCNy1g==":"dabba%20cup%20elegant%2022oz-2160x2160.png","pXNaFHhijHW4NSht6dQC+Q==":"dome%20lid%20for%20sago%20and%20u-cup-2160x2160.png","NQtDv1REUlVZQ52lf3Bv+Q==":"hard%20cup%20macao%2022oz-2160x2160.png","y1bzwmJp4pITwH46d92xbQ==":"u-cup%2012oz,%2016oz,%2022oz-2160x2160.png"}